<?xml version="1.0" encoding="UTF-8"?>
<PE_PROJECT_SETTINGS_DOCUMENTATION>
  <PE_product_version v="version 10.5 for Freescale Microcontrollers" />
  <PE_core_version v="Processor Expert Version 0521" />
  <CPU_Bean name="Cpu" type="MKL25Z128LK4">
    <Enabled v="Y" />
    <Properties>
      <Component_name v="Cpu" />
      <CPU_type v="MKL25Z128VLK4" />
      <Initialization_priority v="interrupts enabled" />
      <Watchdog_disable v="yes" />
      <group name="Internal peripherals">
        <EmptySection_DummyValue />
      </group>
      <group name="Low power mode settings">
        <EmptySection_DummyValue />
      </group>
      <list name="Clock configurations" v="1">
        <group name="Clock configuration 0">
          <boolgroup name="Very low power mode" v="Disabled" />
          <enumgroup name="Clock source setting" v="configuration 0">
            <MCG_mode v="FEI" />
            <MCG_output__MHz_ v="20.971520000000" />
            <MCGIRCLK_clock__MHz_ v="0.032768" />
            <OSCERCLK_clock__MHz_ v="0" />
            <ERCLK32K__clock__MHz_ v="0.001" />
            <MCGFFCLK__kHz_ v="32.768" />
          </enumgroup>
          <group name="System clocks">
            <Core_clock_prescaler v="Auto select" />
            <Core_clock v="20.971520000000" />
            <Bus_clock_prescaler v="Auto select" />
            <Bus_clock v="20.971520000000" />
            <enumgroup name="PLL/FLL clock selection" v="Auto select">
              <Clock_frequency__MHz_ v="20.971520000000" />
            </enumgroup>
            <enumgroup name="TPM clock selection" v="Auto select">
              <Clock_frequency__MHz_ v="20.971520000000" />
            </enumgroup>
          </group>
        </group>
      </list>
    </Properties>
    <Methods>
      <EmptySection_DummyValue />
    </Methods>
    <Events>
      <Event_module_name v="Events" />
    </Events>
    <Compiler v="GNU C Compiler" />
    <CompilerProperties>
      <Compiler v="GNU C Compiler" />
      <enumgroup name="Unhandled vectors" v="One handler for all">
        <Unhandled_int_code>
          <StrgList><![CDATA[/* This code can be changed using the CPU component property "Build Options / Unhandled int code" */
PE_DEBUGHALT();
]]></StrgList>
        </Unhandled_int_code>
      </enumgroup>
      <group name="User initialization">
        <User_data_declarations>
          <StrgList></StrgList>
        </User_data_declarations>
        <User_code_before_PE_initialization>
          <StrgList></StrgList>
        </User_code_before_PE_initialization>
        <User_code_after_PE_initialization>
          <StrgList></StrgList>
        </User_code_after_PE_initialization>
      </group>
      <boolgroup name="Generate debugger files" v="no" />
      <group name="Startup">
        <Add_startup_file v="yes" />
      </group>
      <boolgroup name="Generate linker file" v="yes">
        <Stack_size v="1024" />
        <Heap_size v="0" />
        <Set_memory_segments_to_default v="Click to set default &amp;gt;" />
        <Default_memory_for_interrupts v="INTERNAL FLASH" />
        <Default_memory_for_code v="INTERNAL FLASH" />
        <Default_memory_for_data v="INTERNAL RAM" />
        <list name="ROM/RAM Areas" v="4">
          <group name="MemoryArea0">
            <boolgroup name="ROM/RAM Area" v="Enabled">
              <Name v="m_interrupts" />
              <Qualifier v="RX" />
              <Address v="0" />
              <Size v="192" />
            </boolgroup>
          </group>
          <group name="MemoryArea1">
            <boolgroup name="ROM/RAM Area" v="Disabled" />
          </group>
          <group name="MemoryArea2">
            <boolgroup name="ROM/RAM Area" v="Enabled">
              <Name v="m_text" />
              <Qualifier v="RX" />
              <Address v="1040" />
              <Size v="130032" />
            </boolgroup>
          </group>
          <group name="MemoryArea3">
            <boolgroup name="ROM/RAM Area" v="Enabled">
              <Name v="m_data" />
              <Qualifier v="RW" />
              <Address v="536866816" />
              <Size v="16384" />
            </boolgroup>
          </group>
        </list>
      </boolgroup>
    </CompilerProperties>
  </CPU_Bean>
  <Bean name="MC1" type="PWM">
    <Enabled v="Y" />
    <Properties>
      <Component_name v="MC1" />
      <PWM_or_PPG_device v="TPM0_C0V" />
      <Duty_compare v="" />
      <Output_pin v="ADC0_SE15/TSI0_CH14/PTC1/LLWU_P6/RTC_CLKIN/I2C1_SCL/TPM0_CH0" />
      <Counter v="TPM0_CNT" />
      <boolgroup name="Interrupt service/event" v="Enabled">
        <Interrupt v="INT_TPM0" />
        <Interrupt_on_duty v="" />
        <Interrupt_overflow v="INT_TPM0" />
        <Interrupt_priority v="medium priority" />
        <Iterations_before_action_event v="1" />
      </boolgroup>
      <Period v="20 ms" />
      <Starting_pulse_width v=".5 ms" />
      <Initial_polarity v="low" />
      <Same_period_in_modes v="no" />
      <Component_uses_entire_timer v="no" />
      <group name="Initialization">
        <Enabled_in_init__code v="yes" />
        <Events_enabled_in_init_ v="yes" />
      </group>
      <group name="CPU clock/speed selection">
        <High_speed_mode v="This component enabled" />
        <Low_speed_mode v="This component disabled" />
        <Slow_speed_mode v="This component disabled" />
      </group>
      <group name="Referenced components">
        <inhrbean type="PWM_LDD">
          <Enabled v="Y" />
          <Properties>
            <Component_name v="PwmLdd1" />
            <Period_device v="TPM0_MOD" />
            <Duty_device v="TPM0_C0V" />
            <Output_pin v="ADC0_SE15/TSI0_CH14/PTC1/LLWU_P6/RTC_CLKIN/I2C1_SCL/TPM0_CH0" />
            <Counter v="TPM0_CNT" />
            <boolgroup name="Interrupt service/event" v="Enabled">
              <Interrupt v="INT_TPM0" />
              <Interrupt_priority v="medium priority" />
              <Iterations_before_action_event v="1" />
            </boolgroup>
            <Period v="20 ms" />
            <Starting_pulse_width v=".5 ms" />
            <Initial_polarity v="low" />
            <group name="Initialization">
              <Enabled_in_init__code v="yes" />
              <group name="Event mask">
                <OnEnd v="Enabled" />
              </group>
            </group>
            <group name="Referenced components">
              <Linked_component v="TU1" />
            </group>
          </Properties>
          <Methods>
            <Init v="generate code" />
            <Deinit v="don&amp;apos;t generate code" />
            <Enable v="don&amp;apos;t generate code" />
            <Disable v="don&amp;apos;t generate code" />
            <SetEventMask v="don&amp;apos;t generate code" />
            <GetEventMask v="don&amp;apos;t generate code" />
            <GetEventStatus v="don&amp;apos;t generate code" />
            <SetRatio8 v="don&amp;apos;t generate code" />
            <SetRatio16 v="generate code" />
            <SetDutyUS v="generate code" />
            <SetDutyMS v="generate code" />
            <SetDutySec v="don&amp;apos;t generate code" />
            <SetDutyReal v="don&amp;apos;t generate code" />
            <SetValue v="don&amp;apos;t generate code" />
            <ClearValue v="don&amp;apos;t generate code" />
            <ConnectPin v="don&amp;apos;t generate code" />
            <SetOperationMode v="don&amp;apos;t generate code" />
            <GetDriverState v="don&amp;apos;t generate code" />
          </Methods>
          <Events>
            <Event_module_name v="Events" />
            <event name="OnEnd" v="generate code">
              <Event_procedure_name v="PwmLdd1_OnEnd" />
            </event>
          </Events>
        </inhrbean>
      </group>
    </Properties>
    <Methods>
      <Enable v="don&amp;apos;t generate code" />
      <Disable v="don&amp;apos;t generate code" />
      <EnableEvent v="don&amp;apos;t generate code" />
      <DisableEvent v="don&amp;apos;t generate code" />
      <SetRatio8 v="don&amp;apos;t generate code" />
      <SetRatio16 v="generate code" />
      <SetDutyTicks16 v="don&amp;apos;t generate code" />
      <SetDutyTicks32 v="don&amp;apos;t generate code" />
      <SetDutyUS v="generate code" />
      <SetDutyMS v="generate code" />
      <SetDutySec v="don&amp;apos;t generate code" />
      <SetDutyReal v="don&amp;apos;t generate code" />
      <SetValue v="don&amp;apos;t generate code" />
      <ClrValue v="don&amp;apos;t generate code" />
    </Methods>
    <Events>
      <Event_module_name v="Events" />
      <event name="BeforeNewSpeed" v="don&amp;apos;t generate code" />
      <event name="AfterNewSpeed" v="don&amp;apos;t generate code" />
      <event name="OnEnd" v="generate code">
        <Event_procedure_name v="MC1_OnEnd" />
        <Priority v="same as interrupt" />
      </event>
    </Events>
  </Bean>
  <Bean name="MC2" type="PWM">
    <Enabled v="Y" />
    <Properties>
      <Component_name v="MC2" />
      <PWM_or_PPG_device v="TPM0_C1V" />
      <Duty_compare v="" />
      <Output_pin v="ADC0_SE11/TSI0_CH15/PTC2/I2C1_SDA/TPM0_CH1" />
      <Counter v="TPM0_CNT" />
      <boolgroup name="Interrupt service/event" v="Enabled">
        <Interrupt v="INT_TPM0" />
        <Interrupt_on_duty v="" />
        <Interrupt_overflow v="INT_TPM0" />
        <Interrupt_priority v="medium priority" />
        <Iterations_before_action_event v="1" />
      </boolgroup>
      <Period v="20 ms" />
      <Starting_pulse_width v=".5 ms" />
      <Initial_polarity v="low" />
      <Same_period_in_modes v="no" />
      <Component_uses_entire_timer v="no" />
      <group name="Initialization">
        <Enabled_in_init__code v="yes" />
        <Events_enabled_in_init_ v="yes" />
      </group>
      <group name="CPU clock/speed selection">
        <High_speed_mode v="This component enabled" />
        <Low_speed_mode v="This component disabled" />
        <Slow_speed_mode v="This component disabled" />
      </group>
      <group name="Referenced components">
        <inhrbean type="PWM_LDD">
          <Enabled v="Y" />
          <Properties>
            <Component_name v="PwmLdd2" />
            <Period_device v="TPM0_MOD" />
            <Duty_device v="TPM0_C1V" />
            <Output_pin v="ADC0_SE11/TSI0_CH15/PTC2/I2C1_SDA/TPM0_CH1" />
            <Counter v="TPM0_CNT" />
            <boolgroup name="Interrupt service/event" v="Enabled">
              <Interrupt v="INT_TPM0" />
              <Interrupt_priority v="medium priority" />
              <Iterations_before_action_event v="1" />
            </boolgroup>
            <Period v="20 ms" />
            <Starting_pulse_width v=".5 ms" />
            <Initial_polarity v="low" />
            <group name="Initialization">
              <Enabled_in_init__code v="yes" />
              <group name="Event mask">
                <OnEnd v="Enabled" />
              </group>
            </group>
            <group name="Referenced components">
              <Linked_component v="TU1" />
            </group>
          </Properties>
          <Methods>
            <Init v="generate code" />
            <Deinit v="don&amp;apos;t generate code" />
            <Enable v="don&amp;apos;t generate code" />
            <Disable v="don&amp;apos;t generate code" />
            <SetEventMask v="don&amp;apos;t generate code" />
            <GetEventMask v="don&amp;apos;t generate code" />
            <GetEventStatus v="don&amp;apos;t generate code" />
            <SetRatio8 v="don&amp;apos;t generate code" />
            <SetRatio16 v="generate code" />
            <SetDutyUS v="generate code" />
            <SetDutyMS v="generate code" />
            <SetDutySec v="don&amp;apos;t generate code" />
            <SetDutyReal v="don&amp;apos;t generate code" />
            <SetValue v="don&amp;apos;t generate code" />
            <ClearValue v="don&amp;apos;t generate code" />
            <ConnectPin v="don&amp;apos;t generate code" />
            <SetOperationMode v="don&amp;apos;t generate code" />
            <GetDriverState v="don&amp;apos;t generate code" />
          </Methods>
          <Events>
            <Event_module_name v="Events" />
            <event name="OnEnd" v="generate code">
              <Event_procedure_name v="PwmLdd2_OnEnd" />
            </event>
          </Events>
        </inhrbean>
      </group>
    </Properties>
    <Methods>
      <Enable v="don&amp;apos;t generate code" />
      <Disable v="don&amp;apos;t generate code" />
      <EnableEvent v="don&amp;apos;t generate code" />
      <DisableEvent v="don&amp;apos;t generate code" />
      <SetRatio8 v="don&amp;apos;t generate code" />
      <SetRatio16 v="generate code" />
      <SetDutyTicks16 v="don&amp;apos;t generate code" />
      <SetDutyTicks32 v="don&amp;apos;t generate code" />
      <SetDutyUS v="generate code" />
      <SetDutyMS v="generate code" />
      <SetDutySec v="don&amp;apos;t generate code" />
      <SetDutyReal v="don&amp;apos;t generate code" />
      <SetValue v="don&amp;apos;t generate code" />
      <ClrValue v="don&amp;apos;t generate code" />
    </Methods>
    <Events>
      <Event_module_name v="Events" />
      <event name="BeforeNewSpeed" v="don&amp;apos;t generate code" />
      <event name="AfterNewSpeed" v="don&amp;apos;t generate code" />
      <event name="OnEnd" v="generate code">
        <Event_procedure_name v="MC2_OnEnd" />
        <Priority v="same as interrupt" />
      </event>
    </Events>
  </Bean>
  <Bean name="TU1" type="TimerUnit_LDD">
    <Enabled v="Y" />
    <Properties>
      <Component_name v="TU1" />
      <Module_name v="TPM0" />
      <Counter v="TPM0_CNT" />
      <Counter_direction v="Up" />
      <Counter_width v="16 bits" />
      <Value_type v="uint16_t" />
      <enumgroup name="Input clock source" v="Internal">
        <Counter_frequency v="Auto select" />
      </enumgroup>
      <enumgroup name="Counter restart" v="On-match">
        <Period_device v="TPM0_MOD" />
        <Period v="20 ms" />
        <boolgroup name="Interrupt" v="Enabled">
          <Interrupt v="INT_TPM0" />
          <Interrupt_priority v="medium priority" />
        </boolgroup>
      </enumgroup>
      <list name="Channel list" v="4">
        <group name="Channel 0">
          <enumgroup name="Mode" v="Compare">
            <Compare v="TPM0_C0V" />
            <Offset v=".5 ms" />
            <enumgroup name="Output on compare" v="Set">
              <Output_on_overrun v="Clear" />
              <Initial_state v="Low" />
              <Output_pin v="ADC0_SE15/TSI0_CH14/PTC1/LLWU_P6/RTC_CLKIN/I2C1_SCL/TPM0_CH0" />
            </enumgroup>
            <boolgroup name="Interrupt" v="Disabled" />
          </enumgroup>
        </group>
        <group name="Channel 1">
          <enumgroup name="Mode" v="Compare">
            <Compare v="TPM0_C1V" />
            <Offset v=".5 ms" />
            <enumgroup name="Output on compare" v="Set">
              <Output_on_overrun v="Clear" />
              <Initial_state v="Low" />
              <Output_pin v="ADC0_SE11/TSI0_CH15/PTC2/I2C1_SDA/TPM0_CH1" />
            </enumgroup>
            <boolgroup name="Interrupt" v="Disabled" />
          </enumgroup>
        </group>
        <group name="Channel 2">
          <enumgroup name="Mode" v="Compare">
            <Compare v="TPM0_C2V" />
            <Offset v=".5 ms" />
            <enumgroup name="Output on compare" v="Set">
              <Output_on_overrun v="Clear" />
              <Initial_state v="Low" />
              <Output_pin v="PTC3/LLWU_P7/UART1_RX/TPM0_CH2/CLKOUTa" />
            </enumgroup>
            <boolgroup name="Interrupt" v="Disabled" />
          </enumgroup>
        </group>
        <group name="Channel 3">
          <enumgroup name="Mode" v="Compare">
            <Compare v="TPM0_C3V" />
            <Offset v=".5 ms" />
            <enumgroup name="Output on compare" v="Set">
              <Output_on_overrun v="Clear" />
              <Initial_state v="Low" />
              <Output_pin v="PTC4/LLWU_P8/SPI0_PCS0/UART1_TX/TPM0_CH3" />
            </enumgroup>
            <boolgroup name="Interrupt" v="Disabled" />
          </enumgroup>
        </group>
      </list>
      <group name="Initialization">
        <Enabled_in_init__code v="yes" />
        <group name="Event mask">
          <OnCounterRestart v="Enabled" />
          <OnChannel0 v="Disabled" />
          <OnChannel1 v="Disabled" />
          <OnChannel2 v="Disabled" />
          <OnChannel3 v="Disabled" />
          <OnChannel4 v="Disabled" />
          <OnChannel5 v="Disabled" />
          <OnChannel6 v="Disabled" />
          <OnChannel7 v="Disabled" />
        </group>
      </group>
    </Properties>
    <Methods>
      <Init v="generate code" />
      <Deinit v="don&amp;apos;t generate code" />
      <Enable v="don&amp;apos;t generate code" />
      <Disable v="don&amp;apos;t generate code" />
      <SetEventMask v="don&amp;apos;t generate code" />
      <GetEventMask v="don&amp;apos;t generate code" />
      <GetEventStatus v="don&amp;apos;t generate code" />
      <SelectInputFrequency v="don&amp;apos;t generate code" />
      <GetInputFrequencyReal v="don&amp;apos;t generate code" />
      <GetInputFrequency v="don&amp;apos;t generate code" />
      <SetPeriodTicks v="don&amp;apos;t generate code" />
      <GetPeriodTicks v="generate code" />
      <ResetCounter v="don&amp;apos;t generate code" />
      <GetCounterValue v="generate code" />
      <SetOffsetTicks v="generate code" />
      <GetOffsetTicks v="generate code" />
      <GetCaptureValue v="don&amp;apos;t generate code" />
      <SelectOutputAction v="generate code" />
      <SelectCaptureEdge v="don&amp;apos;t generate code" />
      <ConnectPin v="don&amp;apos;t generate code" />
      <SetOperationMode v="don&amp;apos;t generate code" />
      <GetDriverState v="don&amp;apos;t generate code" />
    </Methods>
    <Events>
      <Event_module_name v="Events" />
      <event name="OnCounterRestart" v="generate code">
        <Event_procedure_name v="TU1_OnCounterRestart" />
      </event>
      <event name="OnChannel0" v="don&amp;apos;t generate code" />
      <event name="OnChannel1" v="don&amp;apos;t generate code" />
      <event name="OnChannel2" v="don&amp;apos;t generate code" />
      <event name="OnChannel3" v="don&amp;apos;t generate code" />
      <event name="OnChannel4" v="don&amp;apos;t generate code" />
      <event name="OnChannel5" v="don&amp;apos;t generate code" />
      <event name="OnChannel6" v="don&amp;apos;t generate code" />
      <event name="OnChannel7" v="don&amp;apos;t generate code" />
    </Events>
  </Bean>
  <Bean name="MC3" type="PWM">
    <Enabled v="Y" />
    <Properties>
      <Component_name v="MC3" />
      <PWM_or_PPG_device v="TPM0_C2V" />
      <Duty_compare v="" />
      <Output_pin v="PTC3/LLWU_P7/UART1_RX/TPM0_CH2/CLKOUTa" />
      <Counter v="TPM0_CNT" />
      <boolgroup name="Interrupt service/event" v="Enabled">
        <Interrupt v="INT_TPM0" />
        <Interrupt_on_duty v="" />
        <Interrupt_overflow v="INT_TPM0" />
        <Interrupt_priority v="medium priority" />
        <Iterations_before_action_event v="1" />
      </boolgroup>
      <Period v="20 ms" />
      <Starting_pulse_width v=".5 ms" />
      <Initial_polarity v="low" />
      <Same_period_in_modes v="no" />
      <Component_uses_entire_timer v="no" />
      <group name="Initialization">
        <Enabled_in_init__code v="yes" />
        <Events_enabled_in_init_ v="yes" />
      </group>
      <group name="CPU clock/speed selection">
        <High_speed_mode v="This component enabled" />
        <Low_speed_mode v="This component disabled" />
        <Slow_speed_mode v="This component disabled" />
      </group>
      <group name="Referenced components">
        <inhrbean type="PWM_LDD">
          <Enabled v="Y" />
          <Properties>
            <Component_name v="PwmLdd3" />
            <Period_device v="TPM0_MOD" />
            <Duty_device v="TPM0_C2V" />
            <Output_pin v="PTC3/LLWU_P7/UART1_RX/TPM0_CH2/CLKOUTa" />
            <Counter v="TPM0_CNT" />
            <boolgroup name="Interrupt service/event" v="Enabled">
              <Interrupt v="INT_TPM0" />
              <Interrupt_priority v="medium priority" />
              <Iterations_before_action_event v="1" />
            </boolgroup>
            <Period v="20 ms" />
            <Starting_pulse_width v=".5 ms" />
            <Initial_polarity v="low" />
            <group name="Initialization">
              <Enabled_in_init__code v="yes" />
              <group name="Event mask">
                <OnEnd v="Enabled" />
              </group>
            </group>
            <group name="Referenced components">
              <Linked_component v="TU1" />
            </group>
          </Properties>
          <Methods>
            <Init v="generate code" />
            <Deinit v="don&amp;apos;t generate code" />
            <Enable v="don&amp;apos;t generate code" />
            <Disable v="don&amp;apos;t generate code" />
            <SetEventMask v="don&amp;apos;t generate code" />
            <GetEventMask v="don&amp;apos;t generate code" />
            <GetEventStatus v="don&amp;apos;t generate code" />
            <SetRatio8 v="don&amp;apos;t generate code" />
            <SetRatio16 v="generate code" />
            <SetDutyUS v="generate code" />
            <SetDutyMS v="generate code" />
            <SetDutySec v="don&amp;apos;t generate code" />
            <SetDutyReal v="don&amp;apos;t generate code" />
            <SetValue v="don&amp;apos;t generate code" />
            <ClearValue v="don&amp;apos;t generate code" />
            <ConnectPin v="don&amp;apos;t generate code" />
            <SetOperationMode v="don&amp;apos;t generate code" />
            <GetDriverState v="don&amp;apos;t generate code" />
          </Methods>
          <Events>
            <Event_module_name v="Events" />
            <event name="OnEnd" v="generate code">
              <Event_procedure_name v="PwmLdd3_OnEnd" />
            </event>
          </Events>
        </inhrbean>
      </group>
    </Properties>
    <Methods>
      <Enable v="don&amp;apos;t generate code" />
      <Disable v="don&amp;apos;t generate code" />
      <EnableEvent v="don&amp;apos;t generate code" />
      <DisableEvent v="don&amp;apos;t generate code" />
      <SetRatio8 v="don&amp;apos;t generate code" />
      <SetRatio16 v="generate code" />
      <SetDutyTicks16 v="don&amp;apos;t generate code" />
      <SetDutyTicks32 v="don&amp;apos;t generate code" />
      <SetDutyUS v="generate code" />
      <SetDutyMS v="generate code" />
      <SetDutySec v="don&amp;apos;t generate code" />
      <SetDutyReal v="don&amp;apos;t generate code" />
      <SetValue v="don&amp;apos;t generate code" />
      <ClrValue v="don&amp;apos;t generate code" />
    </Methods>
    <Events>
      <Event_module_name v="Events" />
      <event name="BeforeNewSpeed" v="don&amp;apos;t generate code" />
      <event name="AfterNewSpeed" v="don&amp;apos;t generate code" />
      <event name="OnEnd" v="generate code">
        <Event_procedure_name v="MC3_OnEnd" />
        <Priority v="same as interrupt" />
      </event>
    </Events>
  </Bean>
  <Bean name="MC4" type="PWM">
    <Enabled v="Y" />
    <Properties>
      <Component_name v="MC4" />
      <PWM_or_PPG_device v="TPM0_C3V" />
      <Duty_compare v="" />
      <Output_pin v="PTC4/LLWU_P8/SPI0_PCS0/UART1_TX/TPM0_CH3" />
      <Counter v="TPM0_CNT" />
      <boolgroup name="Interrupt service/event" v="Enabled">
        <Interrupt v="INT_TPM0" />
        <Interrupt_on_duty v="" />
        <Interrupt_overflow v="INT_TPM0" />
        <Interrupt_priority v="medium priority" />
        <Iterations_before_action_event v="1" />
      </boolgroup>
      <Period v="20 ms" />
      <Starting_pulse_width v=".5 ms" />
      <Initial_polarity v="low" />
      <Same_period_in_modes v="no" />
      <Component_uses_entire_timer v="no" />
      <group name="Initialization">
        <Enabled_in_init__code v="yes" />
        <Events_enabled_in_init_ v="yes" />
      </group>
      <group name="CPU clock/speed selection">
        <High_speed_mode v="This component enabled" />
        <Low_speed_mode v="This component disabled" />
        <Slow_speed_mode v="This component disabled" />
      </group>
      <group name="Referenced components">
        <inhrbean type="PWM_LDD">
          <Enabled v="Y" />
          <Properties>
            <Component_name v="PwmLdd4" />
            <Period_device v="TPM0_MOD" />
            <Duty_device v="TPM0_C3V" />
            <Output_pin v="PTC4/LLWU_P8/SPI0_PCS0/UART1_TX/TPM0_CH3" />
            <Counter v="TPM0_CNT" />
            <boolgroup name="Interrupt service/event" v="Enabled">
              <Interrupt v="INT_TPM0" />
              <Interrupt_priority v="medium priority" />
              <Iterations_before_action_event v="1" />
            </boolgroup>
            <Period v="20 ms" />
            <Starting_pulse_width v=".5 ms" />
            <Initial_polarity v="low" />
            <group name="Initialization">
              <Enabled_in_init__code v="yes" />
              <group name="Event mask">
                <OnEnd v="Enabled" />
              </group>
            </group>
            <group name="Referenced components">
              <Linked_component v="TU1" />
            </group>
          </Properties>
          <Methods>
            <Init v="generate code" />
            <Deinit v="don&amp;apos;t generate code" />
            <Enable v="don&amp;apos;t generate code" />
            <Disable v="don&amp;apos;t generate code" />
            <SetEventMask v="don&amp;apos;t generate code" />
            <GetEventMask v="don&amp;apos;t generate code" />
            <GetEventStatus v="don&amp;apos;t generate code" />
            <SetRatio8 v="don&amp;apos;t generate code" />
            <SetRatio16 v="generate code" />
            <SetDutyUS v="generate code" />
            <SetDutyMS v="generate code" />
            <SetDutySec v="don&amp;apos;t generate code" />
            <SetDutyReal v="don&amp;apos;t generate code" />
            <SetValue v="don&amp;apos;t generate code" />
            <ClearValue v="don&amp;apos;t generate code" />
            <ConnectPin v="don&amp;apos;t generate code" />
            <SetOperationMode v="don&amp;apos;t generate code" />
            <GetDriverState v="don&amp;apos;t generate code" />
          </Methods>
          <Events>
            <Event_module_name v="Events" />
            <event name="OnEnd" v="generate code">
              <Event_procedure_name v="PwmLdd4_OnEnd" />
            </event>
          </Events>
        </inhrbean>
      </group>
    </Properties>
    <Methods>
      <Enable v="don&amp;apos;t generate code" />
      <Disable v="don&amp;apos;t generate code" />
      <EnableEvent v="don&amp;apos;t generate code" />
      <DisableEvent v="don&amp;apos;t generate code" />
      <SetRatio8 v="don&amp;apos;t generate code" />
      <SetRatio16 v="generate code" />
      <SetDutyTicks16 v="don&amp;apos;t generate code" />
      <SetDutyTicks32 v="don&amp;apos;t generate code" />
      <SetDutyUS v="generate code" />
      <SetDutyMS v="generate code" />
      <SetDutySec v="don&amp;apos;t generate code" />
      <SetDutyReal v="don&amp;apos;t generate code" />
      <SetValue v="don&amp;apos;t generate code" />
      <ClrValue v="don&amp;apos;t generate code" />
    </Methods>
    <Events>
      <Event_module_name v="Events" />
      <event name="BeforeNewSpeed" v="don&amp;apos;t generate code" />
      <event name="AfterNewSpeed" v="don&amp;apos;t generate code" />
      <event name="OnEnd" v="generate code">
        <Event_procedure_name v="MC4_OnEnd" />
        <Priority v="same as interrupt" />
      </event>
    </Events>
  </Bean>
  <Bean name="AD1" type="ADC">
    <Enabled v="Y" />
    <Properties>
      <Component_name v="AD1" />
      <A_D_converter v="ADC0" />
      <Sharing v="Disabled" />
      <inhrbean type="ADC_LDD">
        <Enabled v="Y" />
        <Template v="ADC_LDD" />
        <Properties>
          <Component_name v="AdcLdd1" />
          <A_D_converter v="ADC0" />
          <Discontinuous_mode v="no" />
          <boolgroup name="Interrupt service/event" v="Enabled">
            <A_D_interrupt v="INT_ADC0" />
            <A_D_interrupt_priority v="medium priority" />
          </boolgroup>
          <boolgroup name="DMA" v="Disabled" />
          <list name="A/D channel list" v="1">
            <group name="Channel 0">
              <enumgroup name="Channel mode" v="Single Ended">
                <group name="Input">
                  <A_D_channel__pin_ v="ADC0_SE12/TSI0_CH7/PTB2/I2C0_SCL/TPM2_CH0" />
                </group>
              </enumgroup>
            </group>
          </list>
          <boolgroup name="Static sample groups" v="Disabled" />
          <A_D_resolution sel_value="16 bits">
            
Autoselect

            <EmptySection_DummyValue />
          </A_D_resolution>
          <Low_power_mode v="Disabled" />
          <High_speed_conversion_mode v="Disabled" />
          <Asynchro_clock_output v="Disabled" />
          <Sample_time v="4 clock periods" />
          <Number_of_conversions v="1" />
          <Conversion_time v="9.615385 &amp;#181;s" />
          <ADC_clock v="2.621 MHz (381.47 ns)" />
          <Single_conversion_time___Single_ended v="11.682 us" />
          <Single_conversion_time___Differential v="15.115 us" />
          <Additional_conversion_time___Single_ended v="9.536 us" />
          <Additional_conversion_time___Differential v="12.969 us" />
          <Result_type v="unsigned 16 bits, right justified" />
          <boolgroup name="Trigger" v="Disabled" />
          <group name="Voltage reference">
            <group name="High voltage reference">
              <Volt__ref__pin v="VREFH" />
            </group>
            <group name="Low voltage reference">
              <Volt__ref__pin v="VREFL" />
            </group>
          </group>
          <group name="Initialization">
            <Enabled_in_init__code v="yes" />
            <group name="Event mask">
              <OnMeasurementComplete v="Enabled" />
              <OnError v="Disabled" />
            </group>
          </group>
        </Properties>
        <Methods>
          <Init v="generate code" />
          <Deinit v="don&amp;apos;t generate code" />
          <Enable v="don&amp;apos;t generate code" />
          <Disable v="don&amp;apos;t generate code" />
          <GetEventMask v="don&amp;apos;t generate code" />
          <SetEventMask v="don&amp;apos;t generate code" />
          <StartSingleMeasurement v="generate code" />
          <StartLoopMeasurement v="don&amp;apos;t generate code" />
          <StartSingleTriggeredMeasurement v="don&amp;apos;t generate code" />
          <StartLoopTriggeredMeasurement v="don&amp;apos;t generate code" />
          <CancelMeasurement v="generate code" />
          <GetMeasuredValues v="generate code" />
          <SelectSampleGroup v="don&amp;apos;t generate code" />
          <CreateSampleGroup v="generate code" />
          <GetMeasurementCompleteStatus v="generate code" />
          <EnableAutoCompare v="don&amp;apos;t generate code" />
          <DisableAutoCompare v="don&amp;apos;t generate code" />
          <StartCalibration v="generate code" />
          <GetCalibrationResultStatus v="generate code" />
          <SetOperationMode v="don&amp;apos;t generate code" />
          <GetDriverState v="don&amp;apos;t generate code" />
          <ConnectPin v="don&amp;apos;t generate code" />
          <SetBuffer v="don&amp;apos;t generate code" />
          <GetError v="don&amp;apos;t generate code" />
          <GetMeasuredSamplesCount v="don&amp;apos;t generate code" />
        </Methods>
        <Events>
          <Event_module_name v="Events" />
          <event name="OnMeasurementComplete" v="generate code">
            <Event_procedure_name v="AdcLdd1_OnMeasurementComplete" />
          </event>
          <event name="OnError" v="don&amp;apos;t generate code" />
        </Events>
      </inhrbean>
      <boolgroup name="Interrupt service/event" v="Enabled">
        <A_D_interrupt v="INT_ADC0" />
        <A_D_interrupt_priority v="medium priority" />
      </boolgroup>
      <list name="A/D channels" v="1">
        <group name="Channel0">
          <A_D_channel__pin_ v="ADC0_SE12/TSI0_CH7/PTB2/I2C0_SCL/TPM2_CH0" />
          <boolgroup name="Mode select" v="Single Ended" />
        </group>
      </list>
      <A_D_resolution sel_value="16 bits">
        
Autoselect

        <EmptySection_DummyValue />
      </A_D_resolution>
      <Conversion_time v="9.615385 &amp;#181;s" />
      <Low_power_mode v="Disabled" />
      <High_speed_conversion_mode v="Disabled" />
      <Asynchro_clock_output v="Disabled" />
      <Sample_time v="0 = short" />
      <boolgroup name="Internal trigger" v="Disabled" />
      <Number_of_conversions v="1" />
      <group name="Initialization">
        <Enabled_in_init__code v="yes" />
        <Events_enabled_in_init_ v="yes" />
      </group>
      <group name="CPU clock/speed selection">
        <High_speed_mode v="This component enabled" />
        <Low_speed_mode v="This component disabled" />
        <Slow_speed_mode v="This component disabled" />
      </group>
    </Properties>
    <Methods>
      <Enable v="don&amp;apos;t generate code" />
      <Disable v="don&amp;apos;t generate code" />
      <EnableEvent v="don&amp;apos;t generate code" />
      <DisableEvent v="don&amp;apos;t generate code" />
      <Start v="don&amp;apos;t generate code" />
      <Stop v="don&amp;apos;t generate code" />
      <Measure v="generate code" />
      <MeasureChan v="don&amp;apos;t generate code" />
      <EnableExtChanTrigger v="don&amp;apos;t generate code" />
      <EnableIntChanTrigger v="don&amp;apos;t generate code" />
      <GetValue v="don&amp;apos;t generate code" />
      <GetChanValue v="don&amp;apos;t generate code" />
      <GetValue8 v="don&amp;apos;t generate code" />
      <GetChanValue8 v="don&amp;apos;t generate code" />
      <GetValue16 v="generate code" />
      <GetChanValue16 v="don&amp;apos;t generate code" />
      <Calibrate v="generate code" />
      <GetCalibrationStatus v="don&amp;apos;t generate code" />
      <EnableAsynchroClock v="don&amp;apos;t generate code" />
      <DisableAsynchroClock v="don&amp;apos;t generate code" />
      <EnableAutoCompare v="don&amp;apos;t generate code" />
      <EnableRangeAutoCompare v="don&amp;apos;t generate code" />
      <DisableAutoCompare v="don&amp;apos;t generate code" />
      <ConnectPin v="don&amp;apos;t generate code" />
    </Methods>
    <Events>
      <Event_module_name v="Events" />
      <event name="BeforeNewSpeed" v="don&amp;apos;t generate code" />
      <event name="AfterNewSpeed" v="don&amp;apos;t generate code" />
      <event name="OnEnd" v="generate code">
        <Event_procedure_name v="AD1_OnEnd" />
        <Priority v="same as interrupt" />
      </event>
      <event name="OnCalibrationEnd" v="generate code">
        <Event_procedure_name v="AD1_OnCalibrationEnd" />
        <Priority v="same as interrupt" />
      </event>
    </Events>
  </Bean>
  <Bean name="Servo" type="PWM">
    <Enabled v="Y" />
    <Properties>
      <Component_name v="Servo" />
      <PWM_or_PPG_device v="TPM1_C1V" />
      <Duty_compare v="" />
      <Output_pin v="ADC0_SE9/TSI0_CH6/PTB1/I2C0_SDA/TPM1_CH1" />
      <Counter v="TPM1_CNT" />
      <boolgroup name="Interrupt service/event" v="Disabled" />
      <Period v="20 ms" />
      <Starting_pulse_width v=".5 ms" />
      <Initial_polarity v="low" />
      <Same_period_in_modes v="no" />
      <Component_uses_entire_timer v="no" />
      <group name="Initialization">
        <Enabled_in_init__code v="yes" />
        <Events_enabled_in_init_ v="yes" />
      </group>
      <group name="CPU clock/speed selection">
        <High_speed_mode v="This component enabled" />
        <Low_speed_mode v="This component disabled" />
        <Slow_speed_mode v="This component disabled" />
      </group>
      <group name="Referenced components">
        <inhrbean type="PWM_LDD">
          <Enabled v="Y" />
          <Properties>
            <Component_name v="PwmLdd5" />
            <Period_device v="TPM1_MOD" />
            <Duty_device v="TPM1_C1V" />
            <Output_pin v="ADC0_SE9/TSI0_CH6/PTB1/I2C0_SDA/TPM1_CH1" />
            <Counter v="TPM1_CNT" />
            <boolgroup name="Interrupt service/event" v="Disabled" />
            <Period v="20 ms" />
            <Starting_pulse_width v=".5 ms" />
            <Initial_polarity v="low" />
            <group name="Initialization">
              <Enabled_in_init__code v="yes" />
              <group name="Event mask">
                <OnEnd v="Disabled" />
              </group>
            </group>
            <group name="Referenced components">
              <Linked_component v="TU2" />
            </group>
          </Properties>
          <Methods>
            <Init v="generate code" />
            <Deinit v="don&amp;apos;t generate code" />
            <Enable v="don&amp;apos;t generate code" />
            <Disable v="don&amp;apos;t generate code" />
            <SetEventMask v="don&amp;apos;t generate code" />
            <GetEventMask v="don&amp;apos;t generate code" />
            <GetEventStatus v="don&amp;apos;t generate code" />
            <SetRatio8 v="don&amp;apos;t generate code" />
            <SetRatio16 v="generate code" />
            <SetDutyUS v="generate code" />
            <SetDutyMS v="generate code" />
            <SetDutySec v="don&amp;apos;t generate code" />
            <SetDutyReal v="don&amp;apos;t generate code" />
            <SetValue v="don&amp;apos;t generate code" />
            <ClearValue v="don&amp;apos;t generate code" />
            <ConnectPin v="don&amp;apos;t generate code" />
            <SetOperationMode v="don&amp;apos;t generate code" />
            <GetDriverState v="don&amp;apos;t generate code" />
          </Methods>
          <Events>
            <Event_module_name v="Events" />
            <event name="OnEnd" v="don&amp;apos;t generate code" />
          </Events>
        </inhrbean>
      </group>
    </Properties>
    <Methods>
      <Enable v="don&amp;apos;t generate code" />
      <Disable v="don&amp;apos;t generate code" />
      <EnableEvent v="don&amp;apos;t generate code" />
      <DisableEvent v="don&amp;apos;t generate code" />
      <SetRatio8 v="don&amp;apos;t generate code" />
      <SetRatio16 v="generate code" />
      <SetDutyTicks16 v="don&amp;apos;t generate code" />
      <SetDutyTicks32 v="don&amp;apos;t generate code" />
      <SetDutyUS v="generate code" />
      <SetDutyMS v="generate code" />
      <SetDutySec v="don&amp;apos;t generate code" />
      <SetDutyReal v="don&amp;apos;t generate code" />
      <SetValue v="don&amp;apos;t generate code" />
      <ClrValue v="don&amp;apos;t generate code" />
    </Methods>
    <Events>
      <Event_module_name v="Events" />
      <event name="BeforeNewSpeed" v="don&amp;apos;t generate code" />
      <event name="AfterNewSpeed" v="don&amp;apos;t generate code" />
      <event name="OnEnd" v="don&amp;apos;t generate code" />
    </Events>
  </Bean>
  <Bean name="TU2" type="TimerUnit_LDD">
    <Enabled v="Y" />
    <Properties>
      <Component_name v="TU2" />
      <Module_name v="TPM1" />
      <Counter v="TPM1_CNT" />
      <Counter_direction v="Up" />
      <Counter_width v="16 bits" />
      <Value_type v="uint16_t" />
      <enumgroup name="Input clock source" v="Internal">
        <Counter_frequency v="Auto select" />
      </enumgroup>
      <enumgroup name="Counter restart" v="On-match">
        <Period_device v="TPM1_MOD" />
        <Period v="20 ms" />
        <boolgroup name="Interrupt" v="Disabled" />
      </enumgroup>
      <list name="Channel list" v="1">
        <group name="Channel 0">
          <enumgroup name="Mode" v="Compare">
            <Compare v="TPM1_C1V" />
            <Offset v=".5 ms" />
            <enumgroup name="Output on compare" v="Set">
              <Output_on_overrun v="Clear" />
              <Initial_state v="Low" />
              <Output_pin v="ADC0_SE9/TSI0_CH6/PTB1/I2C0_SDA/TPM1_CH1" />
            </enumgroup>
            <boolgroup name="Interrupt" v="Disabled" />
          </enumgroup>
        </group>
      </list>
      <group name="Initialization">
        <Enabled_in_init__code v="yes" />
        <group name="Event mask">
          <OnCounterRestart v="Disabled" />
          <OnChannel0 v="Disabled" />
          <OnChannel1 v="Disabled" />
          <OnChannel2 v="Disabled" />
          <OnChannel3 v="Disabled" />
          <OnChannel4 v="Disabled" />
          <OnChannel5 v="Disabled" />
          <OnChannel6 v="Disabled" />
          <OnChannel7 v="Disabled" />
        </group>
      </group>
    </Properties>
    <Methods>
      <Init v="generate code" />
      <Deinit v="don&amp;apos;t generate code" />
      <Enable v="don&amp;apos;t generate code" />
      <Disable v="don&amp;apos;t generate code" />
      <SetEventMask v="don&amp;apos;t generate code" />
      <GetEventMask v="don&amp;apos;t generate code" />
      <GetEventStatus v="don&amp;apos;t generate code" />
      <SelectInputFrequency v="don&amp;apos;t generate code" />
      <GetInputFrequencyReal v="don&amp;apos;t generate code" />
      <GetInputFrequency v="don&amp;apos;t generate code" />
      <SetPeriodTicks v="don&amp;apos;t generate code" />
      <GetPeriodTicks v="generate code" />
      <ResetCounter v="don&amp;apos;t generate code" />
      <GetCounterValue v="generate code" />
      <SetOffsetTicks v="generate code" />
      <GetOffsetTicks v="generate code" />
      <GetCaptureValue v="don&amp;apos;t generate code" />
      <SelectOutputAction v="generate code" />
      <SelectCaptureEdge v="don&amp;apos;t generate code" />
      <ConnectPin v="don&amp;apos;t generate code" />
      <SetOperationMode v="don&amp;apos;t generate code" />
      <GetDriverState v="don&amp;apos;t generate code" />
    </Methods>
    <Events>
      <Event_module_name v="Events" />
      <event name="OnCounterRestart" v="don&amp;apos;t generate code" />
      <event name="OnChannel0" v="don&amp;apos;t generate code" />
      <event name="OnChannel1" v="don&amp;apos;t generate code" />
      <event name="OnChannel2" v="don&amp;apos;t generate code" />
      <event name="OnChannel3" v="don&amp;apos;t generate code" />
      <event name="OnChannel4" v="don&amp;apos;t generate code" />
      <event name="OnChannel5" v="don&amp;apos;t generate code" />
      <event name="OnChannel6" v="don&amp;apos;t generate code" />
      <event name="OnChannel7" v="don&amp;apos;t generate code" />
    </Events>
  </Bean>
  <Bean name="CLK" type="PWM">
    <Enabled v="Y" />
    <Properties>
      <Component_name v="CLK" />
      <PWM_or_PPG_device v="TPM2_C1V" />
      <Duty_compare v="" />
      <Output_pin v="ADC0_DM3/ADC0_SE7a/PTE23/TPM2_CH1/UART2_RX" />
      <Counter v="TPM2_CNT" />
      <boolgroup name="Interrupt service/event" v="Enabled">
        <Interrupt v="INT_TPM2" />
        <Interrupt_on_duty v="" />
        <Interrupt_overflow v="INT_TPM2" />
        <Interrupt_priority v="medium priority" />
        <Iterations_before_action_event v="1" />
      </boolgroup>
      <Period v="1 ms" />
      <Starting_pulse_width v="500 &amp;#181;s" />
      <Initial_polarity v="low" />
      <Same_period_in_modes v="no" />
      <Component_uses_entire_timer v="no" />
      <group name="Initialization">
        <Enabled_in_init__code v="yes" />
        <Events_enabled_in_init_ v="yes" />
      </group>
      <group name="CPU clock/speed selection">
        <High_speed_mode v="This component enabled" />
        <Low_speed_mode v="This component disabled" />
        <Slow_speed_mode v="This component disabled" />
      </group>
      <group name="Referenced components">
        <inhrbean type="PWM_LDD">
          <Enabled v="Y" />
          <Properties>
            <Component_name v="PwmLdd6" />
            <Period_device v="TPM2_MOD" />
            <Duty_device v="TPM2_C1V" />
            <Output_pin v="ADC0_DM3/ADC0_SE7a/PTE23/TPM2_CH1/UART2_RX" />
            <Counter v="TPM2_CNT" />
            <boolgroup name="Interrupt service/event" v="Enabled">
              <Interrupt v="INT_TPM2" />
              <Interrupt_priority v="medium priority" />
              <Iterations_before_action_event v="1" />
            </boolgroup>
            <Period v="1 ms" />
            <Starting_pulse_width v="500 &amp;#181;s" />
            <Initial_polarity v="low" />
            <group name="Initialization">
              <Enabled_in_init__code v="yes" />
              <group name="Event mask">
                <OnEnd v="Enabled" />
              </group>
            </group>
            <group name="Referenced components">
              <Linked_component v="TU3" />
            </group>
          </Properties>
          <Methods>
            <Init v="generate code" />
            <Deinit v="don&amp;apos;t generate code" />
            <Enable v="don&amp;apos;t generate code" />
            <Disable v="don&amp;apos;t generate code" />
            <SetEventMask v="don&amp;apos;t generate code" />
            <GetEventMask v="don&amp;apos;t generate code" />
            <GetEventStatus v="don&amp;apos;t generate code" />
            <SetRatio8 v="don&amp;apos;t generate code" />
            <SetRatio16 v="generate code" />
            <SetDutyUS v="generate code" />
            <SetDutyMS v="generate code" />
            <SetDutySec v="don&amp;apos;t generate code" />
            <SetDutyReal v="don&amp;apos;t generate code" />
            <SetValue v="don&amp;apos;t generate code" />
            <ClearValue v="don&amp;apos;t generate code" />
            <ConnectPin v="don&amp;apos;t generate code" />
            <SetOperationMode v="don&amp;apos;t generate code" />
            <GetDriverState v="don&amp;apos;t generate code" />
          </Methods>
          <Events>
            <Event_module_name v="Events" />
            <event name="OnEnd" v="generate code">
              <Event_procedure_name v="PwmLdd6_OnEnd" />
            </event>
          </Events>
        </inhrbean>
      </group>
    </Properties>
    <Methods>
      <Enable v="don&amp;apos;t generate code" />
      <Disable v="don&amp;apos;t generate code" />
      <EnableEvent v="don&amp;apos;t generate code" />
      <DisableEvent v="don&amp;apos;t generate code" />
      <SetRatio8 v="don&amp;apos;t generate code" />
      <SetRatio16 v="generate code" />
      <SetDutyTicks16 v="don&amp;apos;t generate code" />
      <SetDutyTicks32 v="don&amp;apos;t generate code" />
      <SetDutyUS v="generate code" />
      <SetDutyMS v="generate code" />
      <SetDutySec v="don&amp;apos;t generate code" />
      <SetDutyReal v="don&amp;apos;t generate code" />
      <SetValue v="don&amp;apos;t generate code" />
      <ClrValue v="don&amp;apos;t generate code" />
    </Methods>
    <Events>
      <Event_module_name v="Events" />
      <event name="BeforeNewSpeed" v="don&amp;apos;t generate code" />
      <event name="AfterNewSpeed" v="don&amp;apos;t generate code" />
      <event name="OnEnd" v="generate code">
        <Event_procedure_name v="CLK_OnEnd" />
        <Priority v="same as interrupt" />
      </event>
    </Events>
  </Bean>
  <Bean name="TU3" type="TimerUnit_LDD">
    <Enabled v="Y" />
    <Properties>
      <Component_name v="TU3" />
      <Module_name v="TPM2" />
      <Counter v="TPM2_CNT" />
      <Counter_direction v="Up" />
      <Counter_width v="16 bits" />
      <Value_type v="uint16_t" />
      <enumgroup name="Input clock source" v="Internal">
        <Counter_frequency v="Auto select" />
      </enumgroup>
      <enumgroup name="Counter restart" v="On-match">
        <Period_device v="TPM2_MOD" />
        <Period v="1 ms" />
        <boolgroup name="Interrupt" v="Enabled">
          <Interrupt v="INT_TPM2" />
          <Interrupt_priority v="medium priority" />
        </boolgroup>
      </enumgroup>
      <list name="Channel list" v="1">
        <group name="Channel 0">
          <enumgroup name="Mode" v="Compare">
            <Compare v="TPM2_C1V" />
            <Offset v="500 &amp;#181;s" />
            <enumgroup name="Output on compare" v="Set">
              <Output_on_overrun v="Clear" />
              <Initial_state v="Low" />
              <Output_pin v="ADC0_DM3/ADC0_SE7a/PTE23/TPM2_CH1/UART2_RX" />
            </enumgroup>
            <boolgroup name="Interrupt" v="Disabled" />
          </enumgroup>
        </group>
      </list>
      <group name="Initialization">
        <Enabled_in_init__code v="yes" />
        <group name="Event mask">
          <OnCounterRestart v="Enabled" />
          <OnChannel0 v="Disabled" />
          <OnChannel1 v="Disabled" />
          <OnChannel2 v="Disabled" />
          <OnChannel3 v="Disabled" />
          <OnChannel4 v="Disabled" />
          <OnChannel5 v="Disabled" />
          <OnChannel6 v="Disabled" />
          <OnChannel7 v="Disabled" />
        </group>
      </group>
    </Properties>
    <Methods>
      <Init v="generate code" />
      <Deinit v="don&amp;apos;t generate code" />
      <Enable v="don&amp;apos;t generate code" />
      <Disable v="don&amp;apos;t generate code" />
      <SetEventMask v="don&amp;apos;t generate code" />
      <GetEventMask v="don&amp;apos;t generate code" />
      <GetEventStatus v="don&amp;apos;t generate code" />
      <SelectInputFrequency v="don&amp;apos;t generate code" />
      <GetInputFrequencyReal v="don&amp;apos;t generate code" />
      <GetInputFrequency v="don&amp;apos;t generate code" />
      <SetPeriodTicks v="don&amp;apos;t generate code" />
      <GetPeriodTicks v="generate code" />
      <ResetCounter v="don&amp;apos;t generate code" />
      <GetCounterValue v="generate code" />
      <SetOffsetTicks v="generate code" />
      <GetOffsetTicks v="generate code" />
      <GetCaptureValue v="don&amp;apos;t generate code" />
      <SelectOutputAction v="generate code" />
      <SelectCaptureEdge v="don&amp;apos;t generate code" />
      <ConnectPin v="don&amp;apos;t generate code" />
      <SetOperationMode v="don&amp;apos;t generate code" />
      <GetDriverState v="don&amp;apos;t generate code" />
    </Methods>
    <Events>
      <Event_module_name v="Events" />
      <event name="OnCounterRestart" v="generate code">
        <Event_procedure_name v="TU3_OnCounterRestart" />
      </event>
      <event name="OnChannel0" v="don&amp;apos;t generate code" />
      <event name="OnChannel1" v="don&amp;apos;t generate code" />
      <event name="OnChannel2" v="don&amp;apos;t generate code" />
      <event name="OnChannel3" v="don&amp;apos;t generate code" />
      <event name="OnChannel4" v="don&amp;apos;t generate code" />
      <event name="OnChannel5" v="don&amp;apos;t generate code" />
      <event name="OnChannel6" v="don&amp;apos;t generate code" />
      <event name="OnChannel7" v="don&amp;apos;t generate code" />
    </Events>
  </Bean>
  <Bean name="SI" type="BitIO">
    <Enabled v="Y" />
    <Properties>
      <Component_name v="SI" />
      <Pin_for_I_O v="PTE0/UART1_TX/RTC_CLKOUT/CMP0_OUT/I2C1_SDA" />
      <inhrbean type="BitIO_LDD">
        <Enabled v="Y" />
        <Template v="BitIO_LDD" />
        <Properties>
          <Component_name v="BitIoLdd1" />
          <Pin_for_I_O v="PTE0/UART1_TX/RTC_CLKOUT/CMP0_OUT/I2C1_SDA" />
          <Direction v="Input/Output" />
          <group name="Initialization">
            <Init__direction v="Output" />
            <Init__value v="0" />
            <Auto_initialization v="yes" />
          </group>
          <Safe_mode v="yes" />
        </Properties>
        <Methods>
          <Init v="generate code" />
          <Deinit v="don&amp;apos;t generate code" />
          <GetDir v="don&amp;apos;t generate code" />
          <SetDir v="generate code" />
          <SetInput v="don&amp;apos;t generate code" />
          <SetOutput v="don&amp;apos;t generate code" />
          <GetVal v="generate code" />
          <PutVal v="generate code" />
          <ClrVal v="generate code" />
          <SetVal v="generate code" />
          <NegVal v="don&amp;apos;t generate code" />
          <ConnectPin v="don&amp;apos;t generate code" />
          <GetRawVal v="don&amp;apos;t generate code" />
        </Methods>
        <Events>
          <EmptySection_DummyValue />
        </Events>
      </inhrbean>
      <Direction v="Input/Output" />
      <group name="Initialization">
        <Init__direction v="Output" />
        <Init__value v="0" />
      </group>
      <Safe_mode v="yes" />
      <Optimization_for v="speed" />
    </Properties>
    <Methods>
      <GetDir v="don&amp;apos;t generate code" />
      <SetDir v="generate code" />
      <SetInput v="don&amp;apos;t generate code" />
      <SetOutput v="don&amp;apos;t generate code" />
      <GetVal v="generate code" />
      <PutVal v="generate code" />
      <ClrVal v="generate code" />
      <SetVal v="generate code" />
      <NegVal v="don&amp;apos;t generate code" />
      <ConnectPin v="don&amp;apos;t generate code" />
      <GetRawVal v="don&amp;apos;t generate code" />
    </Methods>
    <Events>
      <EmptySection_DummyValue />
    </Events>
  </Bean>
  <Bean name="SI_TimerInt" type="TimerInt">
    <Enabled v="Y" />
    <Properties>
      <Component_name v="SI_TimerInt" />
      <Periodic_interrupt_source v="LPTMR0_CMR" />
      <Counter v="LPTMR0_CNR" />
      <boolgroup name="Interrupt service/event" v="Enabled">
        <Interrupt v="INT_LPTMR0" />
        <Interrupt_priority v="medium priority" />
      </boolgroup>
      <Interrupt_period v="350 &amp;#181;s" />
      <Same_period_in_modes v="yes" />
      <Component_uses_entire_timer v="no" />
      <group name="Initialization">
        <Enabled_in_init__code v="no" />
        <Events_enabled_in_init_ v="yes" />
      </group>
      <group name="CPU clock/speed selection">
        <High_speed_mode v="This component enabled" />
        <Low_speed_mode v="This component disabled" />
        <Slow_speed_mode v="This component disabled" />
      </group>
      <group name="Referenced components">
        <inhrbean type="TimerInt_LDD">
          <Enabled v="Y" />
          <Properties>
            <Component_name v="TimerIntLdd1" />
            <Periodic_interrupt_source v="LPTMR0_CMR" />
            <Counter v="LPTMR0_CNR" />
            <boolgroup name="Interrupt service/event" v="Enabled">
              <Interrupt v="INT_LPTMR0" />
              <Interrupt_priority v="medium priority" />
            </boolgroup>
            <Interrupt_period v="350 &amp;#181;s" />
            <group name="Initialization">
              <Enabled_in_init__code v="no" />
              <group name="Event mask">
                <OnInterrupt v="Enabled" />
              </group>
            </group>
            <group name="Referenced components">
              <Linked_TimerUnit v="TU4" />
            </group>
          </Properties>
          <Methods>
            <Init v="generate code" />
            <Deinit v="don&amp;apos;t generate code" />
            <Enable v="generate code" />
            <Disable v="don&amp;apos;t generate code" />
            <SetEventMask v="don&amp;apos;t generate code" />
            <GetEventMask v="don&amp;apos;t generate code" />
            <GetEventStatus v="don&amp;apos;t generate code" />
            <SelectPeriod v="don&amp;apos;t generate code" />
            <SetPeriodUS v="don&amp;apos;t generate code" />
            <SetPeriodMS v="don&amp;apos;t generate code" />
            <SetPeriodSec v="don&amp;apos;t generate code" />
            <SetPeriodReal v="don&amp;apos;t generate code" />
            <SetFrequencyHz v="don&amp;apos;t generate code" />
            <SetFrequencykHz v="don&amp;apos;t generate code" />
            <SetFrequencyMHz v="don&amp;apos;t generate code" />
            <SetOperationMode v="don&amp;apos;t generate code" />
            <GetDriverState v="don&amp;apos;t generate code" />
          </Methods>
          <Events>
            <Event_module_name v="Events" />
            <event name="OnInterrupt" v="generate code">
              <Event_procedure_name v="TimerIntLdd1_OnInterrupt" />
            </event>
          </Events>
        </inhrbean>
      </group>
    </Properties>
    <Methods>
      <Enable v="generate code" />
      <Disable v="don&amp;apos;t generate code" />
      <EnableEvent v="don&amp;apos;t generate code" />
      <DisableEvent v="don&amp;apos;t generate code" />
      <SetPeriodMode v="don&amp;apos;t generate code" />
      <SetPeriodTicks16 v="don&amp;apos;t generate code" />
      <SetPeriodTicks32 v="don&amp;apos;t generate code" />
      <SetPeriodUS v="don&amp;apos;t generate code" />
      <SetPeriodMS v="don&amp;apos;t generate code" />
      <SetPeriodSec v="don&amp;apos;t generate code" />
      <SetPeriodReal v="don&amp;apos;t generate code" />
      <SetFreqHz v="don&amp;apos;t generate code" />
      <SetFreqkHz v="don&amp;apos;t generate code" />
      <SetFreqMHz v="don&amp;apos;t generate code" />
    </Methods>
    <Events>
      <Event_module_name v="Events" />
      <event name="BeforeNewSpeed" v="don&amp;apos;t generate code" />
      <event name="AfterNewSpeed" v="don&amp;apos;t generate code" />
      <event name="OnInterrupt" v="generate code">
        <Event_procedure_name v="SI_TimerInt_OnInterrupt" />
        <Priority v="same as interrupt" />
      </event>
    </Events>
  </Bean>
  <Bean name="TU4" type="TimerUnit_LDD">
    <Enabled v="Y" />
    <Properties>
      <Component_name v="TU4" />
      <Module_name v="LPTMR0" />
      <Counter v="LPTMR0_CNR" />
      <Counter_direction v="Up" />
      <Counter_width v="16 bits" />
      <Value_type v="uint16_t" />
      <enumgroup name="Input clock source" v="Internal">
        <Counter_frequency v="Auto select" />
      </enumgroup>
      <enumgroup name="Counter restart" v="On-match">
        <Period_device v="LPTMR0_CMR" />
        <Period v="350 &amp;#181;s" />
        <boolgroup name="Interrupt" v="Enabled">
          <Interrupt v="INT_LPTMR0" />
          <Interrupt_priority v="medium priority" />
        </boolgroup>
      </enumgroup>
      <list name="Channel list" v="0">
        <EmptySection_DummyValue />
      </list>
      <group name="Initialization">
        <Enabled_in_init__code v="no" />
        <group name="Event mask">
          <OnCounterRestart v="Enabled" />
          <OnChannel0 v="Disabled" />
          <OnChannel1 v="Disabled" />
          <OnChannel2 v="Disabled" />
          <OnChannel3 v="Disabled" />
          <OnChannel4 v="Disabled" />
          <OnChannel5 v="Disabled" />
          <OnChannel6 v="Disabled" />
          <OnChannel7 v="Disabled" />
        </group>
      </group>
    </Properties>
    <Methods>
      <Init v="generate code" />
      <Deinit v="don&amp;apos;t generate code" />
      <Enable v="generate code" />
      <Disable v="don&amp;apos;t generate code" />
      <SetEventMask v="don&amp;apos;t generate code" />
      <GetEventMask v="don&amp;apos;t generate code" />
      <GetEventStatus v="don&amp;apos;t generate code" />
      <SelectInputFrequency v="don&amp;apos;t generate code" />
      <GetInputFrequencyReal v="don&amp;apos;t generate code" />
      <GetInputFrequency v="don&amp;apos;t generate code" />
      <SetPeriodTicks v="don&amp;apos;t generate code" />
      <GetPeriodTicks v="don&amp;apos;t generate code" />
      <ResetCounter v="don&amp;apos;t generate code" />
      <GetCounterValue v="don&amp;apos;t generate code" />
      <SetOffsetTicks v="don&amp;apos;t generate code" />
      <GetOffsetTicks v="don&amp;apos;t generate code" />
      <GetCaptureValue v="don&amp;apos;t generate code" />
      <SelectOutputAction v="don&amp;apos;t generate code" />
      <SelectCaptureEdge v="don&amp;apos;t generate code" />
      <ConnectPin v="don&amp;apos;t generate code" />
      <SetOperationMode v="don&amp;apos;t generate code" />
      <GetDriverState v="don&amp;apos;t generate code" />
    </Methods>
    <Events>
      <Event_module_name v="Events" />
      <event name="OnCounterRestart" v="generate code">
        <Event_procedure_name v="TU4_OnCounterRestart" />
      </event>
      <event name="OnChannel0" v="don&amp;apos;t generate code" />
      <event name="OnChannel1" v="don&amp;apos;t generate code" />
      <event name="OnChannel2" v="don&amp;apos;t generate code" />
      <event name="OnChannel3" v="don&amp;apos;t generate code" />
      <event name="OnChannel4" v="don&amp;apos;t generate code" />
      <event name="OnChannel5" v="don&amp;apos;t generate code" />
      <event name="OnChannel6" v="don&amp;apos;t generate code" />
      <event name="OnChannel7" v="don&amp;apos;t generate code" />
    </Events>
  </Bean>
  <Bean name="HES_TimerInt" type="TimerInt">
    <Enabled v="Y" />
    <Properties>
      <Component_name v="HES_TimerInt" />
      <Periodic_interrupt_source v="SYST_RVR" />
      <Counter v="SYST_CVR" />
      <boolgroup name="Interrupt service/event" v="Enabled">
        <Interrupt v="INT_SysTick" />
        <Interrupt_priority v="medium priority" />
      </boolgroup>
      <Interrupt_period v="500 ms" />
      <Same_period_in_modes v="yes" />
      <Component_uses_entire_timer v="no" />
      <group name="Initialization">
        <Enabled_in_init__code v="yes" />
        <Events_enabled_in_init_ v="yes" />
      </group>
      <group name="CPU clock/speed selection">
        <High_speed_mode v="This component enabled" />
        <Low_speed_mode v="This component disabled" />
        <Slow_speed_mode v="This component disabled" />
      </group>
      <group name="Referenced components">
        <inhrbean type="TimerInt_LDD">
          <Enabled v="Y" />
          <Properties>
            <Component_name v="TimerIntLdd2" />
            <Periodic_interrupt_source v="SYST_RVR" />
            <Counter v="SYST_CVR" />
            <boolgroup name="Interrupt service/event" v="Enabled">
              <Interrupt v="INT_SysTick" />
              <Interrupt_priority v="medium priority" />
            </boolgroup>
            <Interrupt_period v="500 ms" />
            <group name="Initialization">
              <Enabled_in_init__code v="yes" />
              <group name="Event mask">
                <OnInterrupt v="Enabled" />
              </group>
            </group>
            <group name="Referenced components">
              <Linked_TimerUnit v="TU5" />
            </group>
          </Properties>
          <Methods>
            <Init v="generate code" />
            <Deinit v="don&amp;apos;t generate code" />
            <Enable v="don&amp;apos;t generate code" />
            <Disable v="don&amp;apos;t generate code" />
            <SetEventMask v="don&amp;apos;t generate code" />
            <GetEventMask v="don&amp;apos;t generate code" />
            <GetEventStatus v="don&amp;apos;t generate code" />
            <SelectPeriod v="don&amp;apos;t generate code" />
            <SetPeriodUS v="don&amp;apos;t generate code" />
            <SetPeriodMS v="don&amp;apos;t generate code" />
            <SetPeriodSec v="don&amp;apos;t generate code" />
            <SetPeriodReal v="don&amp;apos;t generate code" />
            <SetFrequencyHz v="don&amp;apos;t generate code" />
            <SetFrequencykHz v="don&amp;apos;t generate code" />
            <SetFrequencyMHz v="don&amp;apos;t generate code" />
            <SetOperationMode v="don&amp;apos;t generate code" />
            <GetDriverState v="don&amp;apos;t generate code" />
          </Methods>
          <Events>
            <Event_module_name v="Events" />
            <event name="OnInterrupt" v="generate code">
              <Event_procedure_name v="TimerIntLdd2_OnInterrupt" />
            </event>
          </Events>
        </inhrbean>
      </group>
    </Properties>
    <Methods>
      <Enable v="don&amp;apos;t generate code" />
      <Disable v="don&amp;apos;t generate code" />
      <EnableEvent v="don&amp;apos;t generate code" />
      <DisableEvent v="don&amp;apos;t generate code" />
      <SetPeriodMode v="don&amp;apos;t generate code" />
      <SetPeriodTicks16 v="don&amp;apos;t generate code" />
      <SetPeriodTicks32 v="don&amp;apos;t generate code" />
      <SetPeriodUS v="don&amp;apos;t generate code" />
      <SetPeriodMS v="don&amp;apos;t generate code" />
      <SetPeriodSec v="don&amp;apos;t generate code" />
      <SetPeriodReal v="don&amp;apos;t generate code" />
      <SetFreqHz v="don&amp;apos;t generate code" />
      <SetFreqkHz v="don&amp;apos;t generate code" />
      <SetFreqMHz v="don&amp;apos;t generate code" />
    </Methods>
    <Events>
      <Event_module_name v="Events" />
      <event name="BeforeNewSpeed" v="don&amp;apos;t generate code" />
      <event name="AfterNewSpeed" v="don&amp;apos;t generate code" />
      <event name="OnInterrupt" v="generate code">
        <Event_procedure_name v="HES_TimerInt_OnInterrupt" />
        <Priority v="same as interrupt" />
      </event>
    </Events>
  </Bean>
  <Bean name="TU5" type="TimerUnit_LDD">
    <Enabled v="Y" />
    <Properties>
      <Component_name v="TU5" />
      <Module_name v="SysTick" />
      <Counter v="SYST_CVR" />
      <Counter_direction v="Down" />
      <Counter_width v="24 bits" />
      <Value_type v="uint32_t" />
      <enumgroup name="Input clock source" v="Internal">
        <Counter_frequency v="Auto select" />
      </enumgroup>
      <enumgroup name="Counter restart" v="On-match">
        <Period_device v="SYST_RVR" />
        <Period v="500 ms" />
        <boolgroup name="Interrupt" v="Enabled">
          <Interrupt v="INT_SysTick" />
          <Interrupt_priority v="medium priority" />
        </boolgroup>
      </enumgroup>
      <list name="Channel list" v="0">
        <EmptySection_DummyValue />
      </list>
      <group name="Initialization">
        <Enabled_in_init__code v="yes" />
        <group name="Event mask">
          <OnCounterRestart v="Enabled" />
          <OnChannel0 v="Disabled" />
          <OnChannel1 v="Disabled" />
          <OnChannel2 v="Disabled" />
          <OnChannel3 v="Disabled" />
          <OnChannel4 v="Disabled" />
          <OnChannel5 v="Disabled" />
          <OnChannel6 v="Disabled" />
          <OnChannel7 v="Disabled" />
        </group>
      </group>
    </Properties>
    <Methods>
      <Init v="generate code" />
      <Deinit v="don&amp;apos;t generate code" />
      <Enable v="don&amp;apos;t generate code" />
      <Disable v="don&amp;apos;t generate code" />
      <SetEventMask v="don&amp;apos;t generate code" />
      <GetEventMask v="don&amp;apos;t generate code" />
      <GetEventStatus v="don&amp;apos;t generate code" />
      <SelectInputFrequency v="don&amp;apos;t generate code" />
      <GetInputFrequencyReal v="don&amp;apos;t generate code" />
      <GetInputFrequency v="don&amp;apos;t generate code" />
      <SetPeriodTicks v="don&amp;apos;t generate code" />
      <GetPeriodTicks v="don&amp;apos;t generate code" />
      <ResetCounter v="don&amp;apos;t generate code" />
      <GetCounterValue v="don&amp;apos;t generate code" />
      <SetOffsetTicks v="don&amp;apos;t generate code" />
      <GetOffsetTicks v="don&amp;apos;t generate code" />
      <GetCaptureValue v="don&amp;apos;t generate code" />
      <SelectOutputAction v="don&amp;apos;t generate code" />
      <SelectCaptureEdge v="don&amp;apos;t generate code" />
      <ConnectPin v="don&amp;apos;t generate code" />
      <SetOperationMode v="don&amp;apos;t generate code" />
      <GetDriverState v="don&amp;apos;t generate code" />
    </Methods>
    <Events>
      <Event_module_name v="Events" />
      <event name="OnCounterRestart" v="generate code">
        <Event_procedure_name v="TU5_OnCounterRestart" />
      </event>
      <event name="OnChannel0" v="don&amp;apos;t generate code" />
      <event name="OnChannel1" v="don&amp;apos;t generate code" />
      <event name="OnChannel2" v="don&amp;apos;t generate code" />
      <event name="OnChannel3" v="don&amp;apos;t generate code" />
      <event name="OnChannel4" v="don&amp;apos;t generate code" />
      <event name="OnChannel5" v="don&amp;apos;t generate code" />
      <event name="OnChannel6" v="don&amp;apos;t generate code" />
      <event name="OnChannel7" v="don&amp;apos;t generate code" />
    </Events>
  </Bean>
  <Bean name="HES" type="BitIO_LDD">
    <Enabled v="Y" />
    <Properties>
      <Component_name v="HES" />
      <Pin_for_I_O v="PTE1/SPI1_MOSI/UART1_RX/SPI1_MISO/I2C1_SCL" />
      <Direction v="Input" />
      <group name="Initialization">
        <Init__direction v="Input" />
        <Init__value v="0" />
        <Auto_initialization v="yes" />
      </group>
      <Safe_mode v="no" />
    </Properties>
    <Methods>
      <Init v="generate code" />
      <Deinit v="don&amp;apos;t generate code" />
      <GetDir v="don&amp;apos;t generate code" />
      <SetDir v="don&amp;apos;t generate code" />
      <SetInput v="don&amp;apos;t generate code" />
      <SetOutput v="don&amp;apos;t generate code" />
      <GetVal v="generate code" />
      <PutVal v="don&amp;apos;t generate code" />
      <ClrVal v="don&amp;apos;t generate code" />
      <SetVal v="don&amp;apos;t generate code" />
      <NegVal v="don&amp;apos;t generate code" />
      <ConnectPin v="don&amp;apos;t generate code" />
      <GetRawVal v="don&amp;apos;t generate code" />
    </Methods>
    <Events>
      <EmptySection_DummyValue />
    </Events>
  </Bean>
</PE_PROJECT_SETTINGS_DOCUMENTATION>

